rank,handle,title,url,sold_out_variants,total_variants,leakage,demand_proxy,price_factor,restock_priority,sold_out_variant_titles,reason
1,amruthavarshini-estate,Amruthavarshini Estate,https://bluetokaicoffee.com/products/amruthavarshini-estate,39,39,1,0.8695,0.7488,0.7603,250g / Whole Bean; 250g / Aeropress; 250g / Channi; 250g / Coffee Filter; 250g / Cold Brew; 250g / Commercial Espresso; 250g / French Press; 250g / Home Espresso; 250g / Inverted Aeropress; 250g / Moka Pot; 250g / Pourover; 250g / South Indian Filter; 250g / Turkish; 500g / Whole Bean; 500g / Aeropress; 500g / Channi; 500g / Coffee Filter; 500g / Cold Brew; 500g / Commercial Espresso; 500g / French Press; 500g / Home Espresso; 500g / Inverted Aeropress; 500g / Moka Pot; 500g / Pourover; 500g / South Indian Filter; 500g / Turkish; 1000g / Whole Bean; 1000g / Aeropress; 1000g / Channi; 1000g / Coffee Filter; 1000g / Cold Brew; 1000g / Commercial Espresso; 1000g / French Press; 1000g / Home Espresso; 1000g / Inverted Aeropress; 1000g / Moka Pot; 1000g / Pourover; 1000g / South Indian Filter; 1000g / Turkish,"39/39 variants sold out (250g / Whole Bean, 250g / Aeropress, 250g / Channi); in Best Coffee Beans in India at position 5; updated 0d ago"
2,kerehaklu-estate-light-1,Kerehaklu Estate,https://bluetokaicoffee.com/products/kerehaklu-estate-light-1,3,3,1,0.8543,0.7617,0.7525,250g; 500g; 1000g,"3/3 variants sold out (250g, 500g, 1000g); in Bestsellers at position 17; updated 0d ago"
3,assorted-6-pack,Assorted 6-Pack,https://bluetokaicoffee.com/products/assorted-6-pack,1,1,1,0.8597,0.7024,0.7318,Default Title,1/1 variants sold out (Default Title); in Bestsellers at position 15; updated 0d ago
4,wine-barrel-aged,Wine Barrel Aged Coffee,https://bluetokaicoffee.com/products/wine-barrel-aged,1,1,1,0.8756,0.6699,0.7311,250g,1/1 variants sold out (250g); in Best Coffee Beans in India at position 4; updated 0d ago
5,raxidi-lobo-estate-anaerobic-naturals,Raxidi Lobo Estate - Anaerobic Natural,https://bluetokaicoffee.com/products/raxidi-lobo-estate-anaerobic-naturals,3,3,1,0.7978,0.7677,0.7052,250g; 500g; 1kg,"3/3 variants sold out (250g, 500g, 1kg); in Bestsellers at position 38; updated 0d ago"
6,howdia-estate,Howdia Estate,https://bluetokaicoffee.com/products/howdia-estate,1,1,1,0.8085,0.6976,0.6863,250g,1/1 variants sold out (250g); in Best Coffee Beans in India at position 15; updated 0d ago
7,warsanlyngdoh-coffee-collective,Warsanlyngdoh Coffee Collective,https://bluetokaicoffee.com/products/warsanlyngdoh-coffee-collective,39,39,1,0.779,0.7488,0.6812,250g / Whole Bean; 250g / Aeropress; 250g / Channi; 250g / Coffee Filter; 250g / Cold Brew; 250g / Commercial Espresso; 250g / French Press; 250g / Home Espresso; 250g / Inverted Aeropress; 250g / Moka Pot; 250g / Pourover; 250g / South Indian Filter; 250g / Turkish; 500g / Whole Bean; 500g / Aeropress; 500g / Channi; 500g / Coffee Filter; 500g / Cold Brew; 500g / Commercial Espresso; 500g / French Press; 500g / Home Espresso; 500g / Inverted Aeropress; 500g / Moka Pot; 500g / Pourover; 500g / South Indian Filter; 500g / Turkish; 1000g / Whole Bean; 1000g / Aeropress; 1000g / Channi; 1000g / Coffee Filter; 1000g / Cold Brew; 1000g / Commercial Espresso; 1000g / French Press; 1000g / Home Espresso; 1000g / Inverted Aeropress; 1000g / Moka Pot; 1000g / Pourover; 1000g / South Indian Filter; 1000g / Turkish,"39/39 variants sold out (250g / Whole Bean, 250g / Aeropress, 250g / Channi); in Bestsellers at position 45; updated 0d ago"
8,riverdale-estate-white-rose-2,Riverdale Estate - White Rose,https://bluetokaicoffee.com/products/riverdale-estate-white-rose-2,1,1,1,0.7952,0.6914,0.6725,250g,1/1 variants sold out (250g); in Bestsellers at position 39; updated 0d ago
9,kerehaklu-estate-peaberries,Kerehaklu Estate - Peaberries,https://bluetokaicoffee.com/products/kerehaklu-estate-peaberries,1,1,1,0.7898,0.6914,0.6679,250g,1/1 variants sold out (250g); in Bestsellers at position 41; updated 0d ago
10,origin-unhurried-yercaud-pack,Origin Unhurried: Yercaud Pack,https://bluetokaicoffee.com/products/origin-unhurried-yercaud-pack,1,1,1,0.7925,0.6847,0.6675,225g,1/1 variants sold out (225g); in Bestsellers at position 40; updated 0d ago
11,msp-micro-lot-blend,MSP Micro Lot Blend,https://bluetokaicoffee.com/products/msp-micro-lot-blend,1,1,1,0.7871,0.6847,0.663,250g,1/1 variants sold out (250g); in Bestsellers at position 42; updated 0d ago
12,mooleh-manay-estate-cm-natural,Mooleh Manay Estate – CM Natural,https://bluetokaicoffee.com/products/mooleh-manay-estate-cm-natural,1,1,1,0.7763,0.7006,0.6601,200g,1/1 variants sold out (200g); in Bestsellers at position 46; updated 0d ago
13,skia-coffee-pack-of-2,SKIA Coffee (Pack of 2),https://bluetokaicoffee.com/products/skia-coffee-pack-of-2,1,1,1,0.771,0.6617,0.6405,200g,1/1 variants sold out (200g); in Bestsellers at position 48; updated 0d ago
14,araku-viishalakshi-fpc,Araku - Viishalakshi FPC,https://bluetokaicoffee.com/products/araku-viishalakshi-fpc,3,3,1,0.7253,0.7555,0.6366,250g; 500g; 1000g,"3/3 variants sold out (250g, 500g, 1000g); in Bestsellers at position 65; updated 0d ago"
15,baarbara-estate-whiskey-barrel,Baarbara Estate - Whiskey Barrel Aged,https://bluetokaicoffee.com/products/baarbara-estate-whiskey-barrel,1,1,1,0.7145,0.7375,0.6207,250g,1/1 variants sold out (250g); in Bestsellers at position 69; updated 0d ago
16,riverdale-estate-mosto,Riverdale Estate - Mosto,https://bluetokaicoffee.com/products/riverdale-estate-mosto,1,1,1,0.7226,0.7144,0.6194,200g,1/1 variants sold out (200g); in Bestsellers at position 66; updated 0d ago
17,raxidi-lobo-estate-pichia-yeast,Raxidi Lobo Estate - Pichia Yeast,https://bluetokaicoffee.com/products/raxidi-lobo-estate-pichia-yeast,1,1,1,0.7199,0.7144,0.6171,200g,1/1 variants sold out (200g); in Bestsellers at position 67; updated 0d ago
18,mocha-cold-coffee,Mocha Cold Coffee,https://bluetokaicoffee.com/products/mocha-cold-coffee,2,2,1,0.7414,0.6489,0.6112,Pack of 2 Cans; Pack of 4 Cans,"2/2 variants sold out (Pack of 2 Cans, Pack of 4 Cans); in Bestsellers at position 59; updated 0d ago"
19,mokapot-printed-blue-coffee-tshirt,COFFEE T-SHIRT Blue (Mokapot),https://bluetokaicoffee.com/products/mokapot-printed-blue-coffee-tshirt,4,5,0.8,0.8971,0.7034,0.6112,Blue / Small; Blue / Medium; Blue / Large; Blue / Extra Large,"4/5 variants sold out (Blue / Small, Blue / Medium, Blue / Large); in Best selling products at position 1; updated 0d ago"
20,monsoon-malabar-easy-pour-coffee-sachets,Monsoon Malabar | Medium-Dark Roast - Easy Pour,https://bluetokaicoffee.com/products/monsoon-malabar-easy-pour-coffee-sachets,1,2,0.5,0.8758,0.6198,0.3547,Pack of 10 Sachets,1/2 variants sold out (Pack of 10 Sachets); in Bestsellers at position 9; updated 0d ago
21,13th-birthday-blend,13th Birthday Blend,https://bluetokaicoffee.com/products/13th-birthday-blend,3,3,1,0.3,0.7555,0.2633,250g; 500g; 1000g,"3/3 variants sold out (250g, 500g, 1000g); not in a merchandised collection; updated 0d ago"
22,winter-blend-1,Winter Blend,https://bluetokaicoffee.com/products/winter-blend-1,39,39,1,0.3,0.7488,0.2623,250g / Whole Bean; 250g / Aeropress; 250g / Channi; 250g / Coffee Filter; 250g / Cold Brew; 250g / Commercial Espresso; 250g / French Press; 250g / Home Espresso; 250g / Inverted Aeropress; 250g / Moka Pot; 250g / Pourover; 250g / South Indian Filter; 250g / Turkish; 500g / Whole Bean; 500g / Aeropress; 500g / Channi; 500g / Coffee Filter; 500g / Cold Brew; 500g / Commercial Espresso; 500g / French Press; 500g / Home Espresso; 500g / Inverted Aeropress; 500g / Moka Pot; 500g / Pourover; 500g / South Indian Filter; 500g / Turkish; 1000g / Whole Bean; 1000g / Aeropress; 1000g / Channi; 1000g / Coffee Filter; 1000g / Cold Brew; 1000g / Commercial Espresso; 1000g / French Press; 1000g / Home Espresso; 1000g / Inverted Aeropress; 1000g / Moka Pot; 1000g / Pourover; 1000g / South Indian Filter; 1000g / Turkish,"39/39 variants sold out (250g / Whole Bean, 250g / Aeropress, 250g / Channi); not in a merchandised collection; updated 0d ago"
23,riverdale-estate-gesha-natural,Riverdale Estate - Gesha Natural,https://bluetokaicoffee.com/products/riverdale-estate-gesha-natural,1,1,1,0.3,0.7333,0.26,100gms,1/1 variants sold out (100gms); not in a merchandised collection; updated 0d ago
24,pourover-printed-coffee-tshirt,COFFEE T-SHIRT Yellow (Pour over),https://bluetokaicoffee.com/products/pourover-printed-coffee-tshirt,5,5,1,0.3,0.7034,0.2555,Yellow / Small; Yellow / Medium; Yellow / Large; Yellow / Extra Large; Yellow / Double Extra Large,"5/5 variants sold out (Yellow / Small, Yellow / Medium, Yellow / Large); not in a merchandised collection; updated 0d ago"
25,mokapot-print-black-tshirt,COFFEE T-SHIRT Black (Mokapot),https://bluetokaicoffee.com/products/mokapot-print-black-tshirt,5,5,1,0.3,0.7034,0.2555,Small; Medium; Large; Extra Large; Double Extra Large,"5/5 variants sold out (Small, Medium, Large); not in a merchandised collection; updated 0d ago"
26,riverdale-estate-fruit-punch,Riverdale Estate – Fruit Punch,https://bluetokaicoffee.com/products/riverdale-estate-fruit-punch,1,1,1,0.3,0.7006,0.2551,200g,1/1 variants sold out (200g); not in a merchandised collection; updated 0d ago
27,ratnagiri-estate-yc-01,Ratnagiri Estate - YC 01,https://bluetokaicoffee.com/products/ratnagiri-estate-yc-01,1,1,1,0.3,0.7006,0.2551,200g,1/1 variants sold out (200g); not in a merchandised collection; updated 0d ago
28,garigekhan-estate-cat-129,Garigekhan Estate - CAT - 129,https://bluetokaicoffee.com/products/garigekhan-estate-cat-129,1,1,1,0.3,0.6776,0.2516,100gms,1/1 variants sold out (100gms); not in a merchandised collection; updated 0d ago
29,half-caff,Half - Caff,https://bluetokaicoffee.com/products/half-caff,2,2,1,0.3,0.6659,0.2499,100g; 200g,"2/2 variants sold out (100g, 200g); not in a merchandised collection; updated 0d ago"
30,sicc-excelsa,SICC - Excelsa,https://bluetokaicoffee.com/products/sicc-excelsa,1,1,1,0.3,0.6545,0.2482,100gms,1/1 variants sold out (100gms); not in a merchandised collection; updated 0d ago
31,the-teenage-trail-box-of-13-coffees,The Teenage Trail - Box of 13 Coffees,https://bluetokaicoffee.com/products/the-teenage-trail-box-of-13-coffees,1,1,1,0.27,0.7808,0.2404,390g,1/1 variants sold out (390g); not in a merchandised collection; updated 0d ago
32,kerehaklu-estate-blossom-culture,Kerehaklu Estate - Blossom Culture,https://bluetokaicoffee.com/products/kerehaklu-estate-blossom-culture,1,1,1,0.27,0.7144,0.2314,200g,1/1 variants sold out (200g); not in a merchandised collection; updated 0d ago
33,excelsa-by-mooleh-manay-estate,Excelsa by Mooleh Manay Estate,https://bluetokaicoffee.com/products/excelsa-by-mooleh-manay-estate,1,1,1,0.27,0.6617,0.2243,100g,1/1 variants sold out (100g); not in a merchandised collection; updated 0d ago
34,big-box-of-comfort,Big Box of Comfort,https://bluetokaicoffee.com/products/big-box-of-comfort,1,1,1,0.24,0.7807,0.2137,Default Title,1/1 variants sold out (Default Title); not in a merchandised collection; updated 0d ago
35,taanka-festive-special,Taanka | Festive Special,https://bluetokaicoffee.com/products/taanka-festive-special,1,1,1,0.27,0.5714,0.2121,Default Title,1/1 variants sold out (Default Title); not in a merchandised collection; updated 0d ago
36,taanka-classic-blue,Taanka | Classic Blue,https://bluetokaicoffee.com/products/taanka-classic-blue,1,1,1,0.27,0.5714,0.2121,Default Title,1/1 variants sold out (Default Title); not in a merchandised collection; updated 0d ago
37,little-box-of-love,Little Box of Love,https://bluetokaicoffee.com/products/little-box-of-love,1,1,1,0.24,0.7415,0.209,Default Title,1/1 variants sold out (Default Title); not in a merchandised collection; updated 0d ago
38,crc,Climate Resilient Coffees,https://bluetokaicoffee.com/products/crc,1,1,1,0.21,0.7144,0.18,130g,1/1 variants sold out (130g); not in a merchandised collection; updated 0d ago
39,moka-pot-hoodie,Moka Pot Hoodie,https://bluetokaicoffee.com/products/moka-pot-hoodie,5,5,1,0.2,0.7629,0.1763,Small; Medium; Large; Extra Large; Double Extra Large,"5/5 variants sold out (Small, Medium, Large); not in a merchandised collection; updated 0d ago; discounted"
40,espresso-machine,Mage - Espresso Machine,https://bluetokaicoffee.com/products/espresso-machine,1,1,1,0.17,1,0.17,Default Title,1/1 variants sold out (Default Title); not in a merchandised collection; updated 0d ago; discounted
41,coffee-journal,Coffee Journal,https://bluetokaicoffee.com/products/coffee-journal,1,1,1,0.2,0.6386,0.1639,Default Title,1/1 variants sold out (Default Title); not in a merchandised collection; updated 0d ago; discounted
42,versova-cafe-tee-grey,Versova Cafe Tee (Grey),https://bluetokaicoffee.com/products/versova-cafe-tee-grey,3,4,0.75,0.2,0.6804,0.126,Small; Large; Extra Large,"3/4 variants sold out (Small, Large, Extra Large); not in a merchandised collection; updated 0d ago; discounted"
43,coffee-drip-bags,Portable Drip Bags,https://bluetokaicoffee.com/products/coffee-drip-bags,1,2,0.5,0.27,0.6479,0.1112,2 x 20 drip bags,1/2 variants sold out (2 x 20 drip bags); not in a merchandised collection; updated 0d ago
44,all-products,All Products,https://bluetokaicoffee.com/products/all-products,1,1,1,0.21,0,0.105,Default Title,1/1 variants sold out (Default Title); not in a merchandised collection; updated 0d ago
45,salted-almonds,Salted Almonds,https://bluetokaicoffee.com/products/salted-almonds,1,2,0.5,0.24,0.6313,0.0979,Pack of 2,1/2 variants sold out (Pack of 2); not in a merchandised collection; updated 0d ago
46,salted-cashews,Salted Cashews,https://bluetokaicoffee.com/products/salted-cashews,1,2,0.5,0.24,0.6313,0.0979,Pack of 2,1/2 variants sold out (Pack of 2); not in a merchandised collection; updated 0d ago
47,comfort-combo,Comfort Combo,https://bluetokaicoffee.com/products/comfort-combo,2,4,0.5,0.2,0.6802,0.084,Wheat Bran Coconut cookies; Oatmeal & cranberry cookies,"2/4 variants sold out (Wheat Bran Coconut cookies, Oatmeal & cranberry cookies); not in a merchandised collection; updated 0d ago; discounted"
48,v60-filter-paper-v01-v02,V60 Filter Paper/(V01& V02),https://bluetokaicoffee.com/products/v60-filter-paper-v01-v02,1,2,0.5,0.2,0.6198,0.081,V01,1/2 variants sold out (V01); not in a merchandised collection; updated 0d ago; discounted
49,24-delivery-easy-pour-subscription,24 Delivery Easy Pour Subscription,https://bluetokaicoffee.com/products/24-delivery-easy-pour-subscription,2,11,0.1818,0.27,0.9251,0.0473,Seethargundu Estate | Light Roast / Pack of 10; Sula Barrel Aged Blend | Medium Dark Roast / Pack of 10,"2/11 variants sold out (Seethargundu Estate | Light Roast / Pack of 10, Sula Barrel Aged Blend | Medium Dark Roast / Pack of 10); not in a merchandised collection; updated 0d ago"
50,easy-pour-subscription,3 Delivery Easy Pour Subscription,https://bluetokaicoffee.com/products/easy-pour-subscription,2,11,0.1818,0.3,0.7224,0.047,Seethargundu Estate | Light Roast / Pack of 10; Sula Barrel Aged Blend | Medium Dark Roast / Pack of 10,"2/11 variants sold out (Seethargundu Estate | Light Roast / Pack of 10, Sula Barrel Aged Blend | Medium Dark Roast / Pack of 10); not in a merchandised collection; updated 0d ago"
51,12-delivery-easy-pour-subscription,12 Delivery Easy Pour Subscription,https://bluetokaicoffee.com/products/12-delivery-easy-pour-subscription,2,11,0.1818,0.27,0.8567,0.0456,Seethargundu Estate | Light Roast / Pack of 10; Sula Barrel Aged Blend | Medium Dark Roast / Pack of 10,"2/11 variants sold out (Seethargundu Estate | Light Roast / Pack of 10, Sula Barrel Aged Blend | Medium Dark Roast / Pack of 10); not in a merchandised collection; updated 0d ago"
52,6-delivery-easy-pour-subscription,6 Delivery Easy Pour Subscription,https://bluetokaicoffee.com/products/6-delivery-easy-pour-subscription,2,11,0.1818,0.27,0.7911,0.044,Seethargundu Estate | Light Roast / Pack of 10; Sula Barrel Aged Blend | Medium Dark Roast / Pack of 10,"2/11 variants sold out (Seethargundu Estate | Light Roast / Pack of 10, Sula Barrel Aged Blend | Medium Dark Roast / Pack of 10); not in a merchandised collection; updated 0d ago"
53,coffee-french-press,Coffee + French Press,https://bluetokaicoffee.com/products/coffee-french-press,1,23,0.0435,0.14,0.7752,0.0054,Hidden Falls Estate - 250g,1/23 variants sold out (Hidden Falls Estate - 250g); not in a merchandised collection; updated 0d ago; discounted
